Gen,Best,Average
1,3.00999999999998,0.20759999999999945
